variable,count,mean,std,min,25%,50%,75%,max,original
dummy1,1000.0,0.00043109576979942515,0.010496832879718365,-0.0307162465485379,-0.0070370672907550755,0.0006848115800435501,0.00750093325675615,0.0329124038837846,-0.0104927189098296
dummy2,1000.0,-7.55240051716935e-06,0.010610222810849982,-0.0391173401889552,-0.0073823419209819,-3.802904873939639e-05,0.007161335536580675,0.0347790424310687,-0.0027142167291458
x1,1000.0,-0.002422721528750131,3.0343325600744913,-11.128510736840584,-1.8799446728155171,0.00150779473850225,1.738522373014628,28.2040726382802,28.2040726382802
x2,1000.0,0.09331864303148725,7.9823703106238675,-24.294794780685137,-5.340552706159159,0.15484304255999481,5.339759765772664,75.05041109692277,75.05041109692277
x3,1000.0,0.05357559496102262,1.9355211565245787,-5.468397589770795,-1.1771642147463783,0.0429618318887219,1.3277442472348857,17.754456431883142,17.754456431883142
